<?xml version="1.0" encoding="utf-8" ?>
<dwsync>
<file name="absolute_positioner.cls.php" server="blueliquiddesigns.com.au" local="130050839400000000" remote="130050839400000000" />
<file name="abstract_renderer.cls.php" server="blueliquiddesigns.com.au" local="130050839400000000" remote="130050839400000000" />
<file name="attribute_translator.cls.php" server="blueliquiddesigns.com.au" local="130050839400000000" remote="130050839400000000" />
<file name="autoload.inc.php" server="blueliquiddesigns.com.au" local="130050839400000000" remote="130050839400000000" />
<file name="block_frame_decorator.cls.php" server="blueliquiddesigns.com.au" local="130050839400000000" remote="130050839400000000" />
<file name="block_frame_reflower.cls.php" server="blueliquiddesigns.com.au" local="130050839400000000" remote="130050839400000000" />
<file name="block_positioner.cls.php" server="blueliquiddesigns.com.au" local="130050839400000000" remote="130050839400000000" />
<file name="block_renderer.cls.php" server="blueliquiddesigns.com.au" local="130050839400000000" remote="130050839400000000" />
<file name="cached_pdf_decorator.cls.php" server="blueliquiddesigns.com.au" local="130050839400000000" remote="130050839400000000" />
<file name="canvas.cls.php" server="blueliquiddesigns.com.au" local="130050839400000000" remote="130050839400000000" />
<file name="canvas_factory.cls.php" server="blueliquiddesigns.com.au" local="130050839400000000" remote="130050839400000000" />
<file name="cellmap.cls.php" server="blueliquiddesigns.com.au" local="130050839400000000" remote="130050839400000000" />
<file name="cpdf_adapter.cls.php" server="blueliquiddesigns.com.au" local="130050839400000000" remote="130050839400000000" />
<file name="css_color.cls.php" server="blueliquiddesigns.com.au" local="130050839400000000" remote="130050839400000000" />
<file name="dompdf.cls.php" server="blueliquiddesigns.com.au" local="130050839400000000" remote="130050839400000000" />
<file name="dompdf_exception.cls.php" server="blueliquiddesigns.com.au" local="130050839400000000" remote="130050839400000000" />
<file name="dompdf_image_exception.cls.php" server="blueliquiddesigns.com.au" local="130050839400000000" remote="130050839400000000" />
<file name="file.skel" server="blueliquiddesigns.com.au" local="130050839400000000" remote="130050839400000000" />
<file name="fixed_positioner.cls.php" server="blueliquiddesigns.com.au" local="130050839400000000" remote="130050839400000000" />
<file name="font_metrics.cls.php" server="blueliquiddesigns.com.au" local="130050839400000000" remote="130050839400000000" />
<file name="frame.cls.php" server="blueliquiddesigns.com.au" local="130050839400000000" remote="130050839400000000" />
<file name="frame_decorator.cls.php" server="blueliquiddesigns.com.au" local="130050839400000000" remote="130050839400000000" />
<file name="frame_factory.cls.php" server="blueliquiddesigns.com.au" local="130050839400000000" remote="130050839400000000" />
<file name="frame_reflower.cls.php" server="blueliquiddesigns.com.au" local="130050839400000000" remote="130050839400000000" />
<file name="frame_tree.cls.php" server="blueliquiddesigns.com.au" local="130050839400000000" remote="130050839400000000" />
<file name="functions.inc.php" server="blueliquiddesigns.com.au" local="130050847200000000" remote="130050847200000000" />
<file name="gd_adapter.cls.php" server="blueliquiddesigns.com.au" local="130050839400000000" remote="130050839400000000" />
<file name="image_cache.cls.php" server="blueliquiddesigns.com.au" local="130050839400000000" remote="130050839400000000" />
<file name="image_frame_decorator.cls.php" server="blueliquiddesigns.com.au" local="130050839400000000" remote="130050839400000000" />
<file name="image_frame_reflower.cls.php" server="blueliquiddesigns.com.au" local="130050839400000000" remote="130050839400000000" />
<file name="image_renderer.cls.php" server="blueliquiddesigns.com.au" local="130050839400000000" remote="130050839400000000" />
<file name="inline_frame_decorator.cls.php" server="blueliquiddesigns.com.au" local="130050839400000000" remote="130050839400000000" />
<file name="inline_frame_reflower.cls.php" server="blueliquiddesigns.com.au" local="130050839400000000" remote="130050839400000000" />
<file name="inline_positioner.cls.php" server="blueliquiddesigns.com.au" local="130050839400000000" remote="130050839400000000" />
<file name="inline_renderer.cls.php" server="blueliquiddesigns.com.au" local="130050839400000000" remote="130050839400000000" />
<file name="javascript_embedder.cls.php" server="blueliquiddesigns.com.au" local="130050839400000000" remote="130050839400000000" />
<file name="line_box.cls.php" server="blueliquiddesigns.com.au" local="130050839400000000" remote="130050839400000000" />
<file name="list_bullet_frame_decorator.cls.php" server="blueliquiddesigns.com.au" local="130050839400000000" remote="130050839400000000" />
<file name="list_bullet_frame_reflower.cls.php" server="blueliquiddesigns.com.au" local="130050839400000000" remote="130050839400000000" />
<file name="list_bullet_image_frame_decorator.cls.php" server="blueliquiddesigns.com.au" local="130050839400000000" remote="130050839400000000" />
<file name="list_bullet_positioner.cls.php" server="blueliquiddesigns.com.au" local="130050839400000000" remote="130050839400000000" />
<file name="list_bullet_renderer.cls.php" server="blueliquiddesigns.com.au" local="130050839400000000" remote="130050839400000000" />
<file name="null_frame_decorator.cls.php" server="blueliquiddesigns.com.au" local="130050839400000000" remote="130050839400000000" />
<file name="null_frame_reflower.cls.php" server="blueliquiddesigns.com.au" local="130050839400000000" remote="130050839400000000" />
<file name="null_positioner.cls.php" server="blueliquiddesigns.com.au" local="130050839400000000" remote="130050839400000000" />
<file name="page_cache.cls.php" server="blueliquiddesigns.com.au" local="130050839400000000" remote="130050839400000000" />
<file name="page_frame_decorator.cls.php" server="blueliquiddesigns.com.au" local="130050839400000000" remote="130050839400000000" />
<file name="page_frame_reflower.cls.php" server="blueliquiddesigns.com.au" local="130050839400000000" remote="130050839400000000" />
<file name="pdflib_adapter.cls.php" server="blueliquiddesigns.com.au" local="130050839400000000" remote="130050839400000000" />
<file name="php_evaluator.cls.php" server="blueliquiddesigns.com.au" local="130050839400000000" remote="130050839400000000" />
<file name="positioner.cls.php" server="blueliquiddesigns.com.au" local="130050839400000000" remote="130050839400000000" />
<file name="renderer.cls.php" server="blueliquiddesigns.com.au" local="130050839400000000" remote="130050839400000000" />
<file name="style.cls.php" server="blueliquiddesigns.com.au" local="130050839400000000" remote="130050839400000000" />
<file name="stylesheet.cls.php" server="blueliquiddesigns.com.au" local="130050839400000000" remote="130050839400000000" />
<file name="table_cell_frame_decorator.cls.php" server="blueliquiddesigns.com.au" local="130050839400000000" remote="130050839400000000" />
<file name="table_cell_frame_reflower.cls.php" server="blueliquiddesigns.com.au" local="130050839400000000" remote="130050839400000000" />
<file name="table_cell_positioner.cls.php" server="blueliquiddesigns.com.au" local="130050839400000000" remote="130050839400000000" />
<file name="table_cell_renderer.cls.php" server="blueliquiddesigns.com.au" local="130050839400000000" remote="130050839400000000" />
<file name="table_frame_decorator.cls.php" server="blueliquiddesigns.com.au" local="130050839400000000" remote="130050839400000000" />
<file name="table_frame_reflower.cls.php" server="blueliquiddesigns.com.au" local="130050839400000000" remote="130050839400000000" />
<file name="table_row_frame_decorator.cls.php" server="blueliquiddesigns.com.au" local="130050839400000000" remote="130050839400000000" />
<file name="table_row_frame_reflower.cls.php" server="blueliquiddesigns.com.au" local="130050839400000000" remote="130050839400000000" />
<file name="table_row_group_frame_decorator.cls.php" server="blueliquiddesigns.com.au" local="130050839400000000" remote="130050839400000000" />
<file name="table_row_group_frame_reflower.cls.php" server="blueliquiddesigns.com.au" local="130050839400000000" remote="130050839400000000" />
<file name="table_row_group_renderer.cls.php" server="blueliquiddesigns.com.au" local="130050839400000000" remote="130050839400000000" />
<file name="table_row_positioner.cls.php" server="blueliquiddesigns.com.au" local="130050839400000000" remote="130050839400000000" />
<file name="tcpdf_adapter.cls.php" server="blueliquiddesigns.com.au" local="130050839400000000" remote="130050839400000000" />
<file name="text_frame_decorator.cls.php" server="blueliquiddesigns.com.au" local="130050839400000000" remote="130050839400000000" />
<file name="text_frame_reflower.cls.php" server="blueliquiddesigns.com.au" local="130050839400000000" remote="130050839400000000" />
<file name="text_renderer.cls.php" server="blueliquiddesigns.com.au" local="130050839400000000" remote="130050839400000000" />
</dwsync>