<?xml version="1.0" encoding="utf-8" ?>
<dwsync>
<file name="adobe_font_metrics.cls.php" server="blueliquiddesigns.com.au" local="130050839400000000" remote="130050839400000000" />
<file name="encoding_map.cls.php" server="blueliquiddesigns.com.au" local="130050839400000000" remote="130050839400000000" />
<file name="font_binary_stream.cls.php" server="blueliquiddesigns.com.au" local="130050839400000000" remote="130050839400000000" />
<file name="font.cls.php" server="blueliquiddesigns.com.au" local="130050839400000000" remote="130050839400000000" />
<file name="font_eot.cls.php" server="blueliquiddesigns.com.au" local="130050839400000000" remote="130050839400000000" />
<file name="font_header.cls.php" server="blueliquiddesigns.com.au" local="130050839400000000" remote="130050839400000000" />
<file name="font_opentype.cls.php" server="blueliquiddesigns.com.au" local="130050839400000000" remote="130050839400000000" />
<file name="font_opentype_table_directory_entry.cls.php" server="blueliquiddesigns.com.au" local="130050839400000000" remote="130050839400000000" />
<file name="font_table.cls.php" server="blueliquiddesigns.com.au" local="130050839400000000" remote="130050839400000000" />
<file name="font_table_cmap.cls.php" server="blueliquiddesigns.com.au" local="130050839400000000" remote="130050839400000000" />
<file name="font_table_directory_entry.cls.php" server="blueliquiddesigns.com.au" local="130050839400000000" remote="130050839400000000" />
<file name="font_table_glyf.cls.php" server="blueliquiddesigns.com.au" local="130050839400000000" remote="130050839400000000" />
<file name="font_table_head.cls.php" server="blueliquiddesigns.com.au" local="130050839400000000" remote="130050839400000000" />
<file name="font_table_hhea.cls.php" server="blueliquiddesigns.com.au" local="130050839400000000" remote="130050839400000000" />
<file name="font_table_hmtx.cls.php" server="blueliquiddesigns.com.au" local="130050839400000000" remote="130050839400000000" />
<file name="font_table_kern.cls.php" server="blueliquiddesigns.com.au" local="130050839400000000" remote="130050839400000000" />
<file name="font_table_loca.cls.php" server="blueliquiddesigns.com.au" local="130050839400000000" remote="130050839400000000" />
<file name="font_table_maxp.cls.php" server="blueliquiddesigns.com.au" local="130050839400000000" remote="130050839400000000" />
<file name="font_table_name.cls.php" server="blueliquiddesigns.com.au" local="130050839400000000" remote="130050839400000000" />
<file name="font_table_name_record.cls.php" server="blueliquiddesigns.com.au" local="130050839400000000" remote="130050839400000000" />
<file name="font_table_os2.cls.php" server="blueliquiddesigns.com.au" local="130050839400000000" remote="130050839400000000" />
<file name="font_table_post.cls.php" server="blueliquiddesigns.com.au" local="130050839400000000" remote="130050839400000000" />
<file name="font_truetype.cls.php" server="blueliquiddesigns.com.au" local="130050839400000000" remote="130050839400000000" />
<file name="font_truetype_collection.cls.php" server="blueliquiddesigns.com.au" local="130050839400000000" remote="130050839400000000" />
<file name="font_truetype_header.cls.php" server="blueliquiddesigns.com.au" local="130050839400000000" remote="130050839400000000" />
<file name="font_truetype_table_directory_entry.cls.php" server="blueliquiddesigns.com.au" local="130050839400000000" remote="130050839400000000" />
<file name="font_woff.cls.php" server="blueliquiddesigns.com.au" local="130050839400000000" remote="130050839400000000" />
<file name="font_woff_header.cls.php" server="blueliquiddesigns.com.au" local="130050839400000000" remote="130050839400000000" />
<file name="font_woff_table_directory_entry.cls.php" server="blueliquiddesigns.com.au" local="130050839400000000" remote="130050839400000000" />
</dwsync>