<?xml version="1.0" encoding="utf-8" ?>
<dwsync>
<file name="Courier.afm" server="blueliquiddesigns.com.au" local="130050839400000000" remote="130050839400000000" />
<file name="Courier-Bold.afm" server="blueliquiddesigns.com.au" local="130050839400000000" remote="130050839400000000" />
<file name="Courier-BoldOblique.afm" server="blueliquiddesigns.com.au" local="130050839400000000" remote="130050839400000000" />
<file name="Courier-Oblique.afm" server="blueliquiddesigns.com.au" local="130050839400000000" remote="130050839400000000" />
<file name="DejaVuSans-BoldOblique.ttf" server="blueliquiddesigns.com.au" local="130050839400000000" remote="130050839400000000" />
<file name="DejaVuSans-BoldOblique.ufm" server="blueliquiddesigns.com.au" local="130050839400000000" remote="130050839400000000" />
<file name="DejaVuSans-Bold.ttf" server="blueliquiddesigns.com.au" local="130050839400000000" remote="130050839400000000" />
<file name="DejaVuSans-Bold.ufm" server="blueliquiddesigns.com.au" local="130050839400000000" remote="130050839400000000" />
<file name="DejaVuSansCondensed-BoldOblique.ttf" server="blueliquiddesigns.com.au" local="130050839400000000" remote="130050839400000000" />
<file name="DejaVuSansCondensed-BoldOblique.ufm" server="blueliquiddesigns.com.au" local="130050839400000000" remote="130050839400000000" />
<file name="DejaVuSansCondensed-Bold.ttf" server="blueliquiddesigns.com.au" local="130050839400000000" remote="130050839400000000" />
<file name="DejaVuSansCondensed-Bold.ufm" server="blueliquiddesigns.com.au" local="130050839400000000" remote="130050839400000000" />
<file name="DejaVuSansCondensed-Oblique.ttf" server="blueliquiddesigns.com.au" local="130050839400000000" remote="130050839400000000" />
<file name="DejaVuSansCondensed-Oblique.ufm" server="blueliquiddesigns.com.au" local="130050839400000000" remote="130050839400000000" />
<file name="DejaVuSansCondensed.ttf" server="blueliquiddesigns.com.au" local="130050839400000000" remote="130050839400000000" />
<file name="DejaVuSansCondensed.ufm" server="blueliquiddesigns.com.au" local="130050839400000000" remote="130050839400000000" />
<file name="DejaVuSans-ExtraLight.ttf" server="blueliquiddesigns.com.au" local="130050839400000000" remote="130050839400000000" />
<file name="DejaVuSans-ExtraLight.ufm" server="blueliquiddesigns.com.au" local="130050839400000000" remote="130050839400000000" />
<file name="DejaVuSansMono-BoldOblique.ttf" server="blueliquiddesigns.com.au" local="130050839400000000" remote="130050839400000000" />
<file name="DejaVuSansMono-BoldOblique.ufm" server="blueliquiddesigns.com.au" local="130050839400000000" remote="130050839400000000" />
<file name="DejaVuSansMono-Bold.ttf" server="blueliquiddesigns.com.au" local="130050839400000000" remote="130050839400000000" />
<file name="DejaVuSansMono-Bold.ufm" server="blueliquiddesigns.com.au" local="130050839400000000" remote="130050839400000000" />
<file name="DejaVuSansMono-Oblique.ttf" server="blueliquiddesigns.com.au" local="130050839400000000" remote="130050839400000000" />
<file name="DejaVuSansMono-Oblique.ufm" server="blueliquiddesigns.com.au" local="130050839400000000" remote="130050839400000000" />
<file name="DejaVuSansMono.ttf" server="blueliquiddesigns.com.au" local="130050839400000000" remote="130050839400000000" />
<file name="DejaVuSansMono.ufm" server="blueliquiddesigns.com.au" local="130050839400000000" remote="130050839400000000" />
<file name="DejaVuSans-Oblique.ttf" server="blueliquiddesigns.com.au" local="130050839400000000" remote="130050839400000000" />
<file name="DejaVuSans-Oblique.ufm" server="blueliquiddesigns.com.au" local="130050839400000000" remote="130050839400000000" />
<file name="DejaVuSans.ttf" server="blueliquiddesigns.com.au" local="130050839400000000" remote="130050839400000000" />
<file name="DejaVuSans.ufm" server="blueliquiddesigns.com.au" local="130050839400000000" remote="130050839400000000" />
<file name="DejaVuSerif-BoldItalic.ttf" server="blueliquiddesigns.com.au" local="130050839400000000" remote="130050839400000000" />
<file name="DejaVuSerif-BoldItalic.ufm" server="blueliquiddesigns.com.au" local="130050839400000000" remote="130050839400000000" />
<file name="DejaVuSerif-Bold.ttf" server="blueliquiddesigns.com.au" local="130050839400000000" remote="130050839400000000" />
<file name="DejaVuSerif-Bold.ufm" server="blueliquiddesigns.com.au" local="130050839400000000" remote="130050839400000000" />
<file name="DejaVuSerifCondensed-BoldItalic.ttf" server="blueliquiddesigns.com.au" local="130050839400000000" remote="130050839400000000" />
<file name="DejaVuSerifCondensed-BoldItalic.ufm" server="blueliquiddesigns.com.au" local="130050839400000000" remote="130050839400000000" />
<file name="DejaVuSerifCondensed-Bold.ttf" server="blueliquiddesigns.com.au" local="130050839400000000" remote="130050839400000000" />
<file name="DejaVuSerifCondensed-Bold.ufm" server="blueliquiddesigns.com.au" local="130050839400000000" remote="130050839400000000" />
<file name="DejaVuSerifCondensed-Italic.ttf" server="blueliquiddesigns.com.au" local="130050839400000000" remote="130050839400000000" />
<file name="DejaVuSerifCondensed-Italic.ufm" server="blueliquiddesigns.com.au" local="130050839400000000" remote="130050839400000000" />
<file name="DejaVuSerifCondensed.ttf" server="blueliquiddesigns.com.au" local="130050839400000000" remote="130050839400000000" />
<file name="DejaVuSerifCondensed.ufm" server="blueliquiddesigns.com.au" local="130050839400000000" remote="130050839400000000" />
<file name="DejaVuSerif-Italic.ttf" server="blueliquiddesigns.com.au" local="130050839400000000" remote="130050839400000000" />
<file name="DejaVuSerif-Italic.ufm" server="blueliquiddesigns.com.au" local="130050839400000000" remote="130050839400000000" />
<file name="DejaVuSerif.ttf" server="blueliquiddesigns.com.au" local="130050839400000000" remote="130050839400000000" />
<file name="DejaVuSerif.ufm" server="blueliquiddesigns.com.au" local="130050839400000000" remote="130050839400000000" />
<file name="dompdf_font_family_cache.dist.php" server="blueliquiddesigns.com.au" local="130050839400000000" remote="130050839400000000" />
<file name="Helvetica.afm" server="blueliquiddesigns.com.au" local="130050839400000000" remote="130050839400000000" />
<file name="Helvetica.afm.php" server="blueliquiddesigns.com.au" local="130050889800000000" remote="130050889800000000" />
<file name="Helvetica-Bold.afm" server="blueliquiddesigns.com.au" local="130050839400000000" remote="130050839400000000" />
<file name="Helvetica-Bold.afm.php" server="blueliquiddesigns.com.au" local="130050889800000000" remote="130050889800000000" />
<file name="Helvetica-BoldOblique.afm" server="blueliquiddesigns.com.au" local="130050839400000000" remote="130050839400000000" />
<file name="Helvetica-Oblique.afm" server="blueliquiddesigns.com.au" local="130050839400000000" remote="130050839400000000" />
<file name="Helvetica-Oblique.afm.php" server="blueliquiddesigns.com.au" local="130058693400000000" remote="130058693400000000" />
<file name="log.htm" server="blueliquiddesigns.com.au" local="130061920800000000" remote="130061920800000000" />
<file name="mustRead.html" server="blueliquiddesigns.com.au" local="130050839400000000" remote="130050839400000000" />
<file name="Symbol.afm" server="blueliquiddesigns.com.au" local="130050839400000000" remote="130050839400000000" />
<file name="Times-Bold.afm" server="blueliquiddesigns.com.au" local="130050839400000000" remote="130050839400000000" />
<file name="Times-Bold.afm.php" server="blueliquiddesigns.com.au" local="130053573000000000" remote="130053573000000000" />
<file name="Times-Roman.afm" server="blueliquiddesigns.com.au" local="130050839400000000" remote="130050839400000000" />
<file name="Times-Roman.afm.php" server="blueliquiddesigns.com.au" local="130053573000000000" remote="130053573000000000" />
<file name="ZapfDingbats.afm" server="blueliquiddesigns.com.au" local="130050839400000000" remote="130050839400000000" />
</dwsync>