<?xml version="1.0" encoding="utf-8" ?>
<dwsync>
<file name="adobe-standard-encoding.map" server="blueliquiddesigns.com.au" local="130050839400000000" remote="130050839400000000" />
<file name="cp1250.map" server="blueliquiddesigns.com.au" local="130050839400000000" remote="130050839400000000" />
<file name="cp1251.map" server="blueliquiddesigns.com.au" local="130050839400000000" remote="130050839400000000" />
<file name="cp1252.map" server="blueliquiddesigns.com.au" local="130050839400000000" remote="130050839400000000" />
<file name="cp1253.map" server="blueliquiddesigns.com.au" local="130050839400000000" remote="130050839400000000" />
<file name="cp1254.map" server="blueliquiddesigns.com.au" local="130050839400000000" remote="130050839400000000" />
<file name="cp1255.map" server="blueliquiddesigns.com.au" local="130050839400000000" remote="130050839400000000" />
<file name="cp1257.map" server="blueliquiddesigns.com.au" local="130050839400000000" remote="130050839400000000" />
<file name="cp1258.map" server="blueliquiddesigns.com.au" local="130050839400000000" remote="130050839400000000" />
<file name="cp874.map" server="blueliquiddesigns.com.au" local="130050839400000000" remote="130050839400000000" />
<file name="iso-8859-11.map" server="blueliquiddesigns.com.au" local="130050839400000000" remote="130050839400000000" />
<file name="iso-8859-15.map" server="blueliquiddesigns.com.au" local="130050839400000000" remote="130050839400000000" />
<file name="iso-8859-16.map" server="blueliquiddesigns.com.au" local="130050839400000000" remote="130050839400000000" />
<file name="iso-8859-1.map" server="blueliquiddesigns.com.au" local="130050839400000000" remote="130050839400000000" />
<file name="iso-8859-2.map" server="blueliquiddesigns.com.au" local="130050839400000000" remote="130050839400000000" />
<file name="iso-8859-4.map" server="blueliquiddesigns.com.au" local="130050839400000000" remote="130050839400000000" />
<file name="iso-8859-5.map" server="blueliquiddesigns.com.au" local="130050839400000000" remote="130050839400000000" />
<file name="iso-8859-7.map" server="blueliquiddesigns.com.au" local="130050839400000000" remote="130050839400000000" />
<file name="iso-8859-9.map" server="blueliquiddesigns.com.au" local="130050839400000000" remote="130050839400000000" />
<file name="koi8-r.map" server="blueliquiddesigns.com.au" local="130050839400000000" remote="130050839400000000" />
<file name="koi8-u.map" server="blueliquiddesigns.com.au" local="130050839400000000" remote="130050839400000000" />
</dwsync>